,title,author,core_theme,genre,category,brief_overview,books
0,The Lives of the Artists,Giorgio Vasari,Biographies of Renaissance artists,Biography,Art History,"This seminal work by Giorgio Vasari is a collection of artist biographies that provides insight into the lives and works of key figures of the Italian Renaissance. It is considered one of the first art history books and offers a detailed account of the development of Renaissance art through the lives of artists like Leonardo da Vinci, Michelangelo, and Raphael.",
1,Renaissance: The Rebirth of Art and Culture,Andrew Graham-Dixon,Cultural and artistic transformation during the Renaissance,Non-fiction,Art History,"Andrew Graham-Dixon explores the profound changes in art and culture during the Renaissance period. The book delves into the innovations in painting, sculpture, and architecture, highlighting the works of major artists and the societal shifts that influenced this transformative era.",
2,The Art of the Renaissance,Peter and Linda Murray,Comprehensive survey of Renaissance art,Non-fiction,Art History,"This book provides a thorough overview of Renaissance art, covering the major artists, techniques, and cultural contexts of the period. Peter and Linda Murray offer insights into the artistic achievements and the historical backdrop that shaped the Renaissance, making it an essential read for understanding this pivotal era in art history.",
3,Getting Things Done: The Art of Stress-Free Productivity,David Allen,Productivity and Organization,Self-help,Time Management,"This book introduces the GTD (Getting Things Done) method, which is a system for organizing tasks and projects to increase productivity and reduce stress. It emphasizes the importance of capturing all tasks and commitments in a trusted system and breaking them down into actionable steps.",
4,The 7 Habits of Highly Effective People: Powerful Lessons in Personal Change,Stephen R. Covey,Personal Development and Effectiveness,Self-help,Time Management,"Covey's book outlines seven habits that can help individuals become more effective in their personal and professional lives. It focuses on principles such as proactivity, goal setting, and prioritization, which are essential for effective time management.",
5,Eat That Frog!: 21 Great Ways to Stop Procrastinating and Get More Done in Less Time,Brian Tracy,Procrastination and Productivity,Self-help,Time Management,"This book provides practical advice on overcoming procrastination and increasing productivity. Tracy uses the metaphor of 'eating a frog' to describe tackling the most challenging tasks first, thereby improving efficiency and time management.",
6,How to Win Friends and Influence People,Dale Carnegie,Interpersonal Skills,Self-help,Personality Development,"This classic book provides timeless principles on how to improve interpersonal skills, build relationships, and influence others positively. It offers practical advice on communication, empathy, and leadership.",
7,The 7 Habits of Highly Effective People,Stephen R. Covey,Personal Effectiveness,Self-help,Personality Development,Covey's book outlines a principle-centered approach to personal and professional effectiveness. It emphasizes the importance of character ethics and proactive behavior in achieving personal and interpersonal success.,
8,Mindset: The New Psychology of Success,Carol S. Dweck,Growth Mindset,Psychology,Personality Development,Dweck explores the concept of 'fixed' vs. 'growth' mindsets and how adopting a growth mindset can lead to greater achievement and fulfillment. The book provides insights into how beliefs about abilities can impact personal and professional growth.,
9,The Norton Anthology of English Literature,M. H. Abrams (General Editor),Comprehensive survey of English literature,Anthology,Literary Criticism,"This anthology is a staple in the study of English literature, offering a wide selection of works from the Middle Ages to the present. It includes critical essays and historical context, making it an essential resource for students and scholars.",
10,The Oxford Companion to English Literature,Dinah Birch (Editor),Encyclopedic reference of English literary history,Reference,Literary Criticism,"This comprehensive reference book provides detailed entries on authors, works, and literary terms, offering insights into the development of English literature. It is an invaluable tool for anyone seeking to deepen their understanding of literary history.",
11,How to Read Literature Like a Professor,Thomas C. Foster,Understanding literary devices and themes,Non-fiction,Literary Criticism,"Foster's book is a guide to interpreting literature, focusing on common themes, symbols, and narrative techniques. It is designed to help readers uncover deeper meanings in literary works, making it a popular choice for both students and literature enthusiasts.",
12,The Rest Is Noise: Listening to the Twentieth Century,Alex Ross,Exploration of 20th-century classical music,Non-fiction,Music History,"This book delves into the evolution of classical music throughout the 20th century, examining how historical events, cultural shifts, and technological advancements influenced composers and their works. Alex Ross provides a comprehensive narrative that connects music to the broader social and political context of the time.",
13,"The Classical Style: Haydn, Mozart, Beethoven",Charles Rosen,Analysis of the classical style in music,Non-fiction,Music Theory,"Charles Rosen offers an in-depth analysis of the classical style as exemplified by the works of Haydn, Mozart, and Beethoven. The book explores the structural and expressive elements that define the classical era, providing insights into the compositional techniques and aesthetic principles of these iconic composers.",
14,Mozart: A Life,Maynard Solomon,Biography of Wolfgang Amadeus Mozart,Biography,Music Biography,"Maynard Solomon presents a detailed biography of Wolfgang Amadeus Mozart, exploring his life, works, and the cultural environment in which he lived. The book offers a nuanced portrait of Mozart's personality, his relationships, and his enduring impact on the world of classical music.",
15,Sapiens: A Brief History of Humankind,Yuval Noah Harari,The evolution and impact of Homo sapiens on the world,Non-fiction,Modern History,"This book explores the history of humankind from the Stone Age to the present, examining how biology and history have defined us and enhanced our understanding of what it means to be 'human'. Harari delves into the cognitive, agricultural, and scientific revolutions that have shaped our societies and the world.",
16,The Silk Roads: A New History of the World,Peter Frankopan,The interconnectedness of civilizations through trade routes,Non-fiction,Modern History,"Frankopan offers a fresh perspective on world history by focusing on the Silk Roads, the trade routes that have been central to cultural, commercial, and political exchange. The book re-examines the past by highlighting the importance of the East in shaping the modern world, challenging Eurocentric narratives.",
17,The Guns of August,Barbara W. Tuchman,The events leading up to and the first month of World War I,Non-fiction,Modern History,"Tuchman's Pulitzer Prize-winning book provides a detailed account of the political and military events that led to the outbreak of World War I. It focuses on the first month of the war, highlighting the misjudgments and decisions that set the stage for a prolonged and devastating conflict.",
18,Shakespeare: The Invention of the Human,Harold Bloom,Character Analysis and Influence,Literary Criticism,Non-Fiction,Harold Bloom explores the profound impact of Shakespeare's characters on literature and human consciousness. He argues that Shakespeare's plays have shaped the way we understand human nature and identity.,
19,Will in the World: How Shakespeare Became Shakespeare,Stephen Greenblatt,Biography and Historical Context,Biography,Non-Fiction,"Stephen Greenblatt provides a detailed biography of William Shakespeare, examining how his life experiences and the historical context of Elizabethan England influenced his plays and poetry.",
20,Shakespeare After All,Marjorie Garber,Comprehensive Analysis,Literary Criticism,Non-Fiction,"Marjorie Garber offers an in-depth analysis of each of Shakespeare's plays, discussing their themes, characters, and cultural significance. The book serves as a comprehensive guide to understanding Shakespeare's work.",
21,"Guns, Germs, and Steel: The Fates of Human Societies",Jared Diamond,Geographical and environmental factors shaping civilizations,Non-fiction,History,"This book explores the reasons why some societies have been more successful than others throughout history. Diamond argues that geographical and environmental factors played a crucial role in shaping the modern world, influencing the development of agriculture, technology, and political systems in ancient civilizations.",
22,The Histories,Herodotus,The rise and fall of ancient empires,Non-fiction,Classical Literature,"Often referred to as 'The Father of History,' Herodotus provides a detailed account of the Greco-Persian Wars and offers insights into the cultures and societies of ancient civilizations such as Egypt, Persia, and Greece. His work is a blend of historical facts and storytelling, providing a comprehensive view of the ancient world.",
23,Sapiens: A Brief History of Humankind,Yuval Noah Harari,The evolution and impact of Homo sapiens,Non-fiction,Anthropology,"Harari's book traces the history of humankind from the emergence of Homo sapiens in the Stone Age to the present. It examines how cognitive, agricultural, and scientific revolutions have shaped human societies and explores the development of ancient civilizations, their cultures, and their influence on the modern world.",
24,"Thinking, Fast and Slow",Daniel Kahneman,Dual-process theory of the mind,Non-fiction,Cognitive Psychology,"This book explores the dual systems of thought: the fast, intuitive, and emotional system, and the slower, more deliberate, and logical system. Kahneman delves into how these systems shape our judgments and decisions, highlighting the biases and errors that can arise from them.",
25,"The Psychology of Thinking: Reasoning, Decision-Making and Problem-Solving",John Paul Minda,Cognitive processes in thinking,Non-fiction,Cognitive Psychology,"Minda provides a comprehensive introduction to the cognitive processes involved in thinking, including reasoning, decision-making, and problem-solving. The book integrates research findings with practical examples to illustrate how these processes work in everyday life.",
26,Cognitive Psychology: A Student's Handbook,Michael W. Eysenck and Mark T. Keane,Fundamentals of cognitive psychology,Textbook,Cognitive Psychology,"This textbook offers an in-depth overview of cognitive psychology, covering key topics such as perception, attention, memory, language, and problem-solving. It is designed for students and provides a thorough understanding of the theories and research in the field.",
27,Being and Nothingness,Jean-Paul Sartre,Existentialism and the nature of human freedom,Philosophy,Existential Philosophy,"This seminal work by Jean-Paul Sartre explores the concept of existentialism, focusing on the nature of human existence, freedom, and the responsibility that comes with it. Sartre delves into the idea of 'being' and 'nothingness,' examining how individuals create meaning in a world without inherent purpose.",
28,The Myth of Sisyphus,Albert Camus,Absurdism and the search for meaning,Philosophy,Existential Philosophy,"Albert Camus' 'The Myth of Sisyphus' is a philosophical essay that introduces the concept of the absurd, the conflict between humans' desire to find meaning in life and the indifferent universe. Camus uses the Greek myth of Sisyphus to illustrate the human condition and argues for embracing life's absurdity with a sense of defiance and personal meaning.",
29,Fear and Trembling,Søren Kierkegaard,"Faith, ethics, and the individual's relationship with God",Philosophy,Existential Philosophy,"In 'Fear and Trembling,' Søren Kierkegaard examines the story of Abraham and Isaac to explore the nature of faith and the ethical dilemmas faced by individuals. Kierkegaard discusses the 'leap of faith' required to transcend rationality and embrace a personal relationship with God, highlighting the tension between ethical duty and religious faith.",
30,Atomic Habits,James Clear,Building good habits and breaking bad ones,Non-fiction,Self-Improvement,"Atomic Habits provides a comprehensive guide on how small changes in habits can lead to remarkable results. James Clear emphasizes the power of incremental improvements and offers practical strategies for forming good habits, breaking bad ones, and mastering the tiny behaviors that lead to success.",
31,The Power of Now,Eckhart Tolle,Mindfulness and living in the present,Non-fiction,Self-Improvement,The Power of Now is a spiritual guide that encourages readers to live in the present moment and detach from the ego. Eckhart Tolle explores the concept of mindfulness and provides insights on how to achieve a deeper sense of peace and fulfillment by focusing on the 'now' rather than dwelling on the past or worrying about the future.,
32,The 7 Habits of Highly Effective People,Stephen R. Covey,Personal and professional effectiveness,Non-fiction,Self-Improvement,"This classic self-help book outlines seven key habits that can lead to personal and professional success. Stephen R. Covey presents a principle-centered approach for solving personal and professional problems, emphasizing the importance of character ethics and proactive behavior in achieving effectiveness.",
33,Film Art: An Introduction,David Bordwell and Kristin Thompson,Understanding the elements of film form and style,Non-fiction,Cinema Studies,"This book provides a comprehensive introduction to the art of film, exploring the various elements that make up film form and style. It covers topics such as narrative, cinematography, editing, sound, and genre, offering readers a foundational understanding of how films are constructed and how they communicate meaning.",
34,The Cinema Book,Pam Cook,Comprehensive guide to film theory and history,Non-fiction,Cinema Studies,"The Cinema Book is a key text for students and enthusiasts of film studies, offering a wide-ranging overview of film theory, history, and criticism. It includes essays from leading scholars, covering topics such as film genres, national cinemas, and key movements in film history, making it an essential resource for understanding the complexities of cinema.",
35,An Introduction to Film Studies,Jill Nelmes,"Exploration of film theory, history, and criticism",Non-fiction,Cinema Studies,"This book serves as a comprehensive introduction to the field of film studies, covering a wide range of topics including film theory, history, and criticism. It provides insights into the analysis of film texts, the role of the audience, and the impact of technology on cinema, making it a valuable resource for students and film enthusiasts alike.",
36,Pride and Prejudice,Jane Austen,Love and Social Class,Romance,Classic Literature,"Set in the early 19th century, this novel explores the themes of love, reputation, and class through the story of Elizabeth Bennet and Mr. Darcy. Their initial misunderstandings and prejudices give way to mutual respect and love.",
37,Jane Eyre,Charlotte Brontë,Love and Independence,Romance,Classic Literature,"This novel follows the life of Jane Eyre, an orphaned girl who becomes a governess and falls in love with her employer, Mr. Rochester. The story delves into themes of morality, religion, and the struggle for personal freedom.",
38,Wuthering Heights,Emily Brontë,Passionate and Destructive Love,Romance,Classic Literature,"A tale of intense and tragic love between Catherine Earnshaw and Heathcliff, set on the Yorkshire moors. The novel explores themes of revenge, social class, and the supernatural, highlighting the destructive power of love.",
39,Hamlet,William Shakespeare,Revenge and Madness,Tragedy,Play,"Hamlet, the Prince of Denmark, seeks revenge against his uncle, who has murdered his father, taken the throne, and married his mother. The play explores themes of treachery, revenge, incest, and moral corruption.",
40,A Midsummer Night's Dream,William Shakespeare,Love and Fantasy,Comedy,Play,"This play intertwines the lives of humans and fairies in a magical forest. It explores the complexities of love and the blurring line between reality and illusion, with humorous misunderstandings and enchanting transformations.",
41,Macbeth,William Shakespeare,Ambition and Guilt,Tragedy,Play,"Macbeth, a Scottish general, is driven by ambition and spurred to action by his wife and a prophecy from three witches. He murders King Duncan to take the throne, leading to a series of tragic events fueled by guilt and paranoia.",
42,Pride and Prejudice,Jane Austen,Love and Social Class,Romance,Classic Literature,"Pride and Prejudice follows the life of Elizabeth Bennet as she navigates issues of manners, upbringing, morality, and marriage in the society of the landed gentry of early 19th-century England. The novel explores the themes of love, reputation, and class, and is renowned for its wit and commentary on the British class system.",
43,Sense and Sensibility,Jane Austen,Reason vs. Emotion,Romance,Classic Literature,"Sense and Sensibility tells the story of the Dashwood sisters, Elinor and Marianne, as they face financial and romantic challenges after their father's death. The novel contrasts the sisters' different approaches to life and love, highlighting the balance between sense (reason) and sensibility (emotion) in their personal relationships.",
44,Emma,Jane Austen,Self-Discovery and Social Status,Romance,Classic Literature,"Emma centers on the young and headstrong Emma Woodhouse, who enjoys matchmaking in her small English village. Despite her confidence in her own judgment, Emma's meddling leads to misunderstandings and complications. The novel explores themes of self-awareness, social class, and the complexities of human relationships.",
45,A Tale of Two Cities,Charles Dickens,Resurrection and Sacrifice,Historical Fiction,Novel,"Set during the tumultuous times of the French Revolution, 'A Tale of Two Cities' explores themes of resurrection, sacrifice, and the duality of human nature. The story follows the lives of Charles Darnay and Sydney Carton, whose destinies intertwine in the cities of London and Paris.",
46,Great Expectations,Charles Dickens,Social Class and Personal Growth,Bildungsroman,Novel,"This coming-of-age story follows the life of Pip, an orphan who dreams of becoming a gentleman. 'Great Expectations' delves into themes of social class, ambition, and personal development, as Pip navigates the challenges of love, wealth, and identity.",
47,Oliver Twist,Charles Dickens,Poverty and Social Justice,Social Novel,Novel,"In 'Oliver Twist', Dickens highlights the harsh realities of poverty and the injustices faced by the underprivileged in 19th-century England. The novel follows the journey of Oliver, a young orphan, as he encounters a series of challenges and meets a cast of memorable characters in his quest for a better life.",
48,1984,George Orwell,Totalitarianism and Surveillance,"Dystopian, Political Fiction",Fiction,"Set in a dystopian future where the world is ruled by three totalitarian superstates, '1984' follows the life of Winston Smith, a low-ranking member of the Party in Oceania. The novel explores themes of government surveillance, propaganda, and the loss of individuality under oppressive regimes.",
49,Animal Farm,George Orwell,Corruption of Power,"Political Satire, Allegory",Fiction,"An allegorical novella that uses a group of farm animals who overthrow their human farmer to establish a society of equals. However, the pigs, who lead the revolution, become as oppressive as the humans they replaced. The book is a critique of the Russian Revolution and the subsequent rise of Stalinism.",
50,Homage to Catalonia,George Orwell,War and Political Ideology,"Non-fiction, Autobiography",Non-fiction,"A personal account of George Orwell's experiences and observations during the Spanish Civil War. The book provides insight into the complexities of war, the nature of political factions, and Orwell's own political evolution. It highlights the disillusionment with the infighting among anti-fascist forces.",
51,Mrs Dalloway,Virginia Woolf,The passage of time and the complexity of human consciousness,Modernist Fiction,Literary Fiction,"Set over the course of a single day in post-World War I England, 'Mrs Dalloway' follows Clarissa Dalloway as she prepares for a party she is hosting that evening. The novel explores her thoughts and memories, as well as those of other characters, delving into themes of mental illness, societal expectations, and the passage of time.",
52,To the Lighthouse,Virginia Woolf,The nature of perception and the passage of time,Modernist Fiction,Literary Fiction,"This novel is divided into three parts and centers around the Ramsay family and their visits to the Isle of Skye in Scotland. It explores the inner thoughts and emotions of its characters, particularly focusing on the themes of family dynamics, the search for meaning, and the impact of time on human relationships.",
53,Orlando: A Biography,Virginia Woolf,Gender identity and the fluidity of time,Modernist Fiction,Literary Fiction,"A unique and imaginative novel, 'Orlando' follows the life of its protagonist, who begins as a young nobleman in Elizabethan England and mysteriously transforms into a woman, living for centuries without aging. The book explores themes of gender, identity, and the constraints of societal norms, all while offering a satirical take on biography and history.",
54,The Hobbit,J.R.R. Tolkien,Adventure and Heroism,Fantasy,Novel,"The Hobbit follows the journey of Bilbo Baggins, a hobbit who is reluctantly swept into an epic quest to help a group of dwarves reclaim their homeland from the dragon Smaug. Along the way, Bilbo discovers his own courage and resourcefulness.",
55,The Lord of the Rings: The Fellowship of the Ring,J.R.R. Tolkien,Friendship and the Struggle between Good and Evil,Fantasy,Novel,"The first volume of 'The Lord of the Rings' trilogy, this book introduces the quest to destroy the One Ring. Frodo Baggins, along with a fellowship of companions, sets out on a perilous journey to Mount Doom to prevent the dark lord Sauron from gaining ultimate power.",
56,The Silmarillion,J.R.R. Tolkien,Creation and Mythology,Fantasy,Mythopoeia,"A collection of mythopoeic stories, 'The Silmarillion' provides the backstory to the world of Middle-earth, detailing the creation of the world, the rise and fall of its early civilizations, and the events leading up to 'The Hobbit' and 'The Lord of the Rings'.",
57,The Adventures of Huckleberry Finn,Mark Twain,Race and Identity,Fiction,Classic Literature,"This novel follows the journey of a young boy, Huck Finn, as he travels down the Mississippi River with an escaped slave, Jim. The story explores themes of friendship, freedom, and the moral dilemmas of society.",
58,The Adventures of Tom Sawyer,Mark Twain,Childhood and Adventure,Fiction,Classic Literature,"Set in the fictional town of St. Petersburg, Missouri, this novel depicts the mischievous adventures of a young boy named Tom Sawyer. It captures the essence of childhood and the spirit of adventure, while also touching on themes of social norms and moral growth.",
59,A Connecticut Yankee in King Arthur's Court,Mark Twain,Technology and Society,Science Fiction,Classic Literature,"This satirical novel tells the story of Hank Morgan, a 19th-century engineer who is transported back in time to King Arthur's court. Using his knowledge of modern technology, he attempts to modernize the medieval society, leading to humorous and thought-provoking situations.",
60,Murder on the Orient Express,Agatha Christie,Justice and morality,Mystery,Fiction,"Detective Hercule Poirot investigates a murder on a luxurious train, where every passenger is a suspect. The story explores themes of justice and the moral complexities of taking the law into one's own hands.",
61,The Murder of Roger Ackroyd,Agatha Christie,Deception and truth,Mystery,Fiction,"In a small English village, the wealthy Roger Ackroyd is found murdered. Hercule Poirot, who has retired to the village, is drawn into the investigation, uncovering secrets and lies that lead to a shocking twist.",
62,And Then There Were None,Agatha Christie,Guilt and retribution,Mystery,Fiction,"Ten strangers are invited to a secluded island, where they are accused of past crimes and systematically killed. The novel delves into themes of guilt, justice, and the psychological effects of isolation and fear.",
63,The Old Man and the Sea,Ernest Hemingway,Perseverance and personal triumph,Fiction,Novel,"This novella tells the story of Santiago, an aging Cuban fisherman who struggles with a giant marlin far out in the Gulf Stream. It explores themes of courage, resilience, and the struggle between man and nature.",
64,A Farewell to Arms,Ernest Hemingway,The futility of war and the impact of love,Fiction,Novel,"Set during World War I, this novel follows the story of an American ambulance driver in the Italian army and his love affair with a British nurse. It delves into the chaos of war and the personal conflicts that arise from it.",
65,For Whom the Bell Tolls,Ernest Hemingway,The interconnectedness of humanity and the impact of war,Fiction,Novel,"This novel is set during the Spanish Civil War and follows Robert Jordan, a young American dynamiter in the International Brigades. It explores themes of sacrifice, honor, and the moral complexities of war.",
66,The Great Gatsby,F. Scott Fitzgerald,The American Dream and its disillusionment,Novel,Classic Literature,"Set in the Jazz Age on Long Island, the novel tells the story of Jay Gatsby's unrequited love for Daisy Buchanan and critiques the American Dream's corruption and moral decay.",
67,Tender Is the Night,F. Scott Fitzgerald,The decline of idealism and the impact of personal flaws,Novel,Classic Literature,"The novel explores the lives of Dick and Nicole Diver, a glamorous couple living in the French Riviera, and examines themes of love, ambition, and the destructive nature of mental illness.",
68,This Side of Paradise,F. Scott Fitzgerald,The search for identity and the impact of societal expectations,Novel,Classic Literature,"Fitzgerald's debut novel follows Amory Blaine, a young man navigating his way through college and early adulthood, capturing the spirit of the post-World War I generation.",
69,"Frankenstein; or, The Modern Prometheus",Mary Shelley,The dangers of unchecked ambition and the quest for knowledge,"Gothic, Science Fiction",Novel,"Published in 1818, 'Frankenstein' tells the story of Victor Frankenstein, a scientist who creates a sentient creature in an unorthodox scientific experiment. The novel explores themes of ambition, isolation, and the consequences of playing God.",
70,The Last Man,Mary Shelley,Isolation and the collapse of civilization,"Science Fiction, Apocalyptic",Novel,"Published in 1826, 'The Last Man' is set in a future world ravaged by a plague that leads to the extinction of humanity. The novel follows the protagonist, Lionel Verney, as he becomes the last survivor, exploring themes of loneliness and the fragility of human society.",
71,Mathilda,Mary Shelley,Forbidden love and the complexities of familial relationships,"Gothic, Psychological Fiction",Novella,"Written in 1819 but published posthumously in 1959, 'Mathilda' is a novella that delves into the troubled relationship between a father and daughter. The story addresses themes of incestuous desire, guilt, and the search for redemption.",
72,,,,,,,"[{'title': 'Wuthering Heights', 'author': 'Emily Brontë', 'core_theme': 'Passion and Revenge', 'genre': 'Gothic Fiction', 'category': 'Classic Literature', 'brief_overview': 'Wuthering Heights is a tale of intense and tragic love between Catherine Earnshaw and Heathcliff, an orphan brought to live at Wuthering Heights. The novel explores themes of passion, revenge, and the destructive nature of obsession, set against the backdrop of the Yorkshire moors.'}, {'title': 'Poems by Currer, Ellis, and Acton Bell', 'author': 'Emily Brontë (as Ellis Bell)', 'core_theme': 'Nature and Emotion', 'genre': 'Poetry', 'category': 'Classic Poetry', 'brief_overview': ""This collection of poems was published under the pseudonyms of Currer, Ellis, and Acton Bell, representing the Brontë sisters. Emily's contributions reflect her deep connection to nature and her exploration of intense emotions and existential themes.""}, {'title': 'The Complete Poems of Emily Brontë', 'author': 'Emily Brontë', 'core_theme': 'Solitude and Spirituality', 'genre': 'Poetry', 'category': 'Classic Poetry', 'brief_overview': ""This comprehensive collection includes all of Emily Brontë's known poems, showcasing her lyrical prowess and thematic focus on solitude, spirituality, and the natural world. Her poetry often delves into the inner workings of the human soul and the beauty of the untamed landscape.""}]"
73,The Waste Land,T.S. Eliot,Despair and Fragmentation,Poetry,Modernist Literature,"Published in 1922, 'The Waste Land' is one of T.S. Eliot's most famous works. It is a complex and fragmented poem that reflects the disillusionment and despair of the post-World War I generation. The poem is known for its rich symbolism, diverse cultural references, and innovative use of language.",
74,Four Quartets,T.S. Eliot,Time and Redemption,Poetry,Philosophical Literature,"Composed of four interlinked poems published between 1936 and 1942, 'Four Quartets' explores themes of time, spirituality, and the human experience. Each quartet is named after a place significant to Eliot and delves into the nature of existence and the possibility of redemption through time and faith.",
75,Murder in the Cathedral,T.S. Eliot,Martyrdom and Faith,Drama,Religious Literature,"First performed in 1935, 'Murder in the Cathedral' is a play that dramatizes the assassination of Archbishop Thomas Becket in 1170. The work examines the conflict between church and state, the nature of martyrdom, and the struggle for spiritual integrity in the face of political power.",
76,Sense and Sensibility,Jane Austen,Love and societal expectations,Romance,Classic Literature,"This novel follows the Dashwood sisters, Elinor and Marianne, as they navigate love, heartbreak, and societal pressures in 19th-century England. The story explores the balance between sense (logic and reason) and sensibility (emotion and passion) in their romantic pursuits.",
77,Emma,Jane Austen,Social class and matchmaking,Romance,Classic Literature,"Emma Woodhouse, a young woman with a penchant for matchmaking, meddles in the romantic lives of those around her. The novel delves into themes of social class, self-awareness, and the complexities of relationships, all set in the charming English countryside.",
78,North and South,Elizabeth Gaskell,Class conflict and romance,Romance,Classic Literature,"Margaret Hale, a young woman from southern England, moves to the industrial town of Milton in the north. The novel explores the clash between the industrial north and the rural south, as well as the romantic tension between Margaret and the mill owner, John Thornton.",
79,Brave New World,Aldous Huxley,The dangers of a technologically controlled society,"Dystopian, Science Fiction",Fiction,"Set in a futuristic World State, the novel explores a society where people are conditioned to passively accept their roles in a technologically advanced, but emotionally sterile world. The story follows Bernard Marx, who begins to question the values of the society he lives in.",
80,Fahrenheit 451,Ray Bradbury,Censorship and the suppression of dissenting ideas,"Dystopian, Science Fiction",Fiction,"In a future American society where books are outlawed and 'firemen' burn any that are found, the story follows Guy Montag, a fireman who becomes disillusioned with the anti-intellectual society and begins to seek out knowledge and meaning.",
81,The Handmaid's Tale,Margaret Atwood,The subjugation of women and the use of religion as a tool of control,"Dystopian, Speculative Fiction",Fiction,"Set in a near-future totalitarian state known as Gilead, the novel explores themes of power, control, and gender oppression through the eyes of Offred, a woman forced into the role of a 'handmaid' to bear children for the ruling class.",
82,This Side of Paradise,F. Scott Fitzgerald,The pursuit of identity and the disillusionment of youth,Literary Fiction,Classic,"This Side of Paradise follows the life of Amory Blaine, a young man who navigates the challenges of love, wealth, and self-discovery in the early 20th century. The novel explores themes of ambition, social status, and the quest for meaning in a rapidly changing world.",
83,The Sun Also Rises,Ernest Hemingway,The aimlessness and disillusionment of the Lost Generation,Literary Fiction,Classic,"Set in the post-World War I era, The Sun Also Rises follows a group of American and British expatriates as they travel from Paris to Spain. The novel delves into themes of love, masculinity, and the search for purpose in a world that has been irrevocably altered by war.",
84,Brideshead Revisited,Evelyn Waugh,The decline of the British aristocracy and the complexities of faith and friendship,Literary Fiction,Classic,"Brideshead Revisited is a nostalgic exploration of the life of Charles Ryder, who becomes entangled with the aristocratic Flyte family. The novel examines themes of class, religion, and the passage of time, set against the backdrop of a changing England before and after World War II.",
85,"The Chronicles of Narnia: The Lion, the Witch and the Wardrobe",C.S. Lewis,Good vs. Evil,Fantasy,Children's Literature,"Four siblings discover a magical land called Narnia through a wardrobe, where they join the fight against the White Witch who has plunged the land into eternal winter.",
86,The Sword of Shannara,Terry Brooks,Hero's Journey,Fantasy,Epic Fantasy,"In a post-apocalyptic world, a young man named Shea Ohmsford embarks on a quest to find the legendary Sword of Shannara to defeat the Warlock Lord and save the Four Lands.",
87,The Neverending Story,Michael Ende,Imagination and Reality,Fantasy,Children's Literature,"A young boy named Bastian discovers a magical book that transports him to the world of Fantastica, where he must help a young warrior named Atreyu save the land from a mysterious force called The Nothing.",
88,The Help,Kathryn Stockett,Racial Injustice and Social Change,Historical Fiction,Adult Fiction,"Set in the 1960s in Mississippi, 'The Help' explores the lives of African American maids working in white households. The story is told from the perspectives of three women who challenge the racial norms of their time, highlighting themes of courage, friendship, and the fight for equality.",
89,A Lesson Before Dying,Ernest J. Gaines,Racial Injustice and Redemption,Historical Fiction,Adult Fiction,"This novel is set in a small Cajun community in the late 1940s. It tells the story of a young black man who is wrongfully convicted of murder and sentenced to death. A local teacher is asked to help him die with dignity, leading to profound lessons about humanity, justice, and personal transformation.",
90,"Roll of Thunder, Hear My Cry",Mildred D. Taylor,Racial Prejudice and Family Strength,Historical Fiction,Young Adult Fiction,"This novel follows the Logan family, African American farmers in 1930s Mississippi, as they navigate the challenges of racism and economic hardship. Through the eyes of young Cassie Logan, the story explores themes of family, resilience, and the fight against racial injustice.",
91,Dracula,Bram Stoker,"The battle between good and evil, and the fear of the unknown.",Gothic Horror,Classic Literature,"Dracula is a novel that tells the story of Count Dracula's attempt to move from Transylvania to England so he may find new blood and spread the undead curse. The novel explores themes of fear, superstition, and the clash between modernity and ancient evil.",
92,The Strange Case of Dr Jekyll and Mr Hyde,Robert Louis Stevenson,The duality of human nature and the struggle between good and evil within oneself.,Gothic Fiction,Classic Literature,"This novella follows the story of Dr. Jekyll, a respected scientist who creates a potion that transforms him into Mr. Hyde, a manifestation of his darker impulses. The story delves into the complexities of identity and the potential for evil that exists within all people.",
93,The Picture of Dorian Gray,Oscar Wilde,The consequences of vanity and the pursuit of eternal youth.,Philosophical Fiction,Classic Literature,"Dorian Gray is a young man whose portrait ages while he remains youthful and beautiful. As he indulges in a life of hedonism and moral corruption, the portrait becomes a reflection of his true self. The novel explores themes of aestheticism, moral duplicity, and the nature of the soul.",
94,Heart of Darkness,Joseph Conrad,Exploration of the darkness within human nature and the impact of colonialism,"Adventure, Psychological Fiction",Classic Literature,"The novella follows Charles Marlow's journey up the Congo River to meet the enigmatic Kurtz, exploring themes of imperialism and the darkness within humanity.",
95,The Old Man and the Sea,Ernest Hemingway,"Struggle, perseverance, and the relationship between man and nature","Adventure, Literary Fiction",Classic Literature,"This short novel tells the story of an aging Cuban fisherman named Santiago and his epic battle with a giant marlin, highlighting themes of endurance and personal triumph.",
96,Twenty Thousand Leagues Under the Sea,Jules Verne,"Adventure, exploration, and the wonders of the natural world","Science Fiction, Adventure",Classic Literature,"The novel follows Captain Nemo and his submarine, the Nautilus, as they embark on a fantastical underwater journey, exploring the mysteries of the ocean and the limits of human knowledge.",
97,Wuthering Heights,Emily Brontë,Passionate and destructive love,Gothic fiction,Classic literature,"Set on the Yorkshire moors, this novel explores the tumultuous and often destructive relationship between Heathcliff and Catherine Earnshaw, delving into themes of revenge, social class, and the supernatural.",
98,Rebecca,Daphne du Maurier,Identity and the haunting past,Gothic fiction,Classic literature,"A young, unnamed protagonist marries the wealthy widower Maxim de Winter and moves to his estate, Manderley, where she finds herself living in the shadow of his first wife, Rebecca, whose presence still lingers.",
99,The Tenant of Wildfell Hall,Anne Brontë,Women's independence and social criticism,Gothic fiction,Classic literature,"The novel tells the story of Helen Graham, a mysterious woman who arrives at Wildfell Hall and challenges the social norms of the time by leaving her abusive husband and seeking independence.",
100,Franny and Zooey,J.D. Salinger,Existentialism and the search for authenticity,Fiction,Classic Literature,"This book consists of two interconnected stories about the Glass siblings, Franny and Zooey. It explores themes of spiritual and existential crisis, as Franny struggles with the phoniness of the world around her and Zooey attempts to guide her through her turmoil.",
101,The Perks of Being a Wallflower,Stephen Chbosky,Adolescence and self-discovery,Young Adult Fiction,Contemporary Literature,"Told through a series of letters, this novel follows Charlie, a high school freshman, as he navigates the complexities of adolescence, including friendship, love, and trauma. The book captures the essence of teenage angst and the journey towards self-acceptance.",
102,A Separate Peace,John Knowles,Friendship and the loss of innocence,Fiction,Classic Literature,"Set in a New England boarding school during World War II, this novel explores the friendship between two boys, Gene and Finny. As their bond is tested by jealousy and rivalry, the story delves into themes of identity, guilt, and the transition from youth to adulthood.",
103,"Thinking, Fast and Slow",Daniel Kahneman,Cognitive Biases and Decision Making,Psychology,Cognitive Psychology,"This book explores the dual systems of thought that drive the way we think and make decisions. System 1 is fast, intuitive, and emotional, while System 2 is slower, more deliberative, and more logical. Kahneman delves into how these systems shape our judgments and choices, often leading to cognitive biases.",
104,The Power of Habit: Why We Do What We Do in Life and Business,Charles Duhigg,Habit Formation and Change,Psychology,Behavioral Psychology,"Duhigg examines the science behind why habits exist and how they can be changed. The book provides insights into the habit loop of cue, routine, and reward, and offers strategies for transforming habits in personal and professional contexts.",
105,Man's Search for Meaning,Viktor E. Frankl,Finding Meaning in Life,Psychology,Existential Psychology,"In this profound work, Frankl, a Holocaust survivor, discusses his experiences in Nazi concentration camps and introduces his psychotherapeutic method of logotherapy. The book emphasizes the importance of finding meaning in life, even in the most difficult circumstances.",
106,Dune,Frank Herbert,Power and Survival,Science Fiction,Novel,"Set in a distant future amidst a huge interstellar empire, 'Dune' follows the story of young Paul Atreides as he navigates political intrigue, ecological challenges, and his own destiny on the desert planet of Arrakis, the only source of the universe's most valuable substance, 'spice'.",
107,Neuromancer,William Gibson,Cybernetics and Identity,Science Fiction,Novel,"A cornerstone of the cyberpunk subgenre, 'Neuromancer' follows Case, a washed-up computer hacker hired for one last job: to pull off the ultimate hack. The novel explores themes of artificial intelligence, virtual reality, and the nature of consciousness in a high-tech, dystopian future.",
108,The Left Hand of Darkness,Ursula K. Le Guin,Gender and Society,Science Fiction,Novel,"Set on the planet Gethen, where inhabitants can choose and change their gender, 'The Left Hand of Darkness' follows Genly Ai, an envoy from the Ekumen, as he navigates the complex social and political landscape. The novel examines themes of gender fluidity, friendship, and cultural understanding.",
109,The Nightingale,Kristin Hannah,Courage and survival during wartime,Historical Fiction,World War II,"Set in France during World War II, 'The Nightingale' tells the story of two sisters, Vianne and Isabelle, who struggle to survive and resist the German occupation in their own ways. The novel explores themes of love, sacrifice, and the resilience of the human spirit.",
110,The Book Thief,Markus Zusak,The power of words and storytelling,Historical Fiction,World War II,"Narrated by Death, 'The Book Thief' follows Liesel Meminger, a young girl living in Nazi Germany, who finds solace in stealing books and sharing them with others. The novel highlights the impact of literature and friendship amidst the horrors of war.",
111,All the Light We Cannot See,Anthony Doerr,Interconnectedness and the impact of war,Historical Fiction,World War II,"This Pulitzer Prize-winning novel intertwines the lives of a blind French girl, Marie-Laure, and a German soldier, Werner, during World War II. As their paths converge, the story explores themes of fate, survival, and the unseen connections that bind people together.",
112,Pride and Prejudice,Jane Austen,Love and Social Class,Romance,Classic Literature,"Set in the early 19th century, this novel follows Elizabeth Bennet as she navigates issues of manners, upbringing, morality, and marriage in the society of the landed gentry of the British Regency. The story primarily focuses on the evolving relationship between Elizabeth and the wealthy, aloof Mr. Darcy.",
113,The Notebook,Nicholas Sparks,Enduring Love,Romance,Contemporary Fiction,"This novel tells the story of Noah Calhoun and Allie Nelson, who fall in love during a summer in the 1930s. Despite being separated by social class and circumstances, their love endures over the years, proving that true love can withstand the test of time.",
114,Outlander,Diana Gabaldon,Time-Travel and Love,Romance,Historical Fiction,"The story follows Claire Randall, a former World War II nurse who is transported back in time to 18th-century Scotland. There, she meets and falls in love with Jamie Fraser, a dashing Highland warrior, leading to a passionate and adventurous romance that transcends time.",
115,The Diary of a Young Girl,Anne Frank,Hope and resilience in the face of adversity,Biography,Historical,"This book is the diary of Anne Frank, a Jewish girl who went into hiding with her family during the Nazi occupation of the Netherlands. It provides a poignant and personal perspective on the horrors of war and the enduring spirit of a young girl.",
116,Steve Jobs,Walter Isaacson,Innovation and the complexities of genius,Biography,Business,"Based on more than forty interviews with Steve Jobs conducted over two years, as well as interviews with more than a hundred family members, friends, adversaries, competitors, and colleagues, this biography offers an in-depth look at the life and career of the co-founder of Apple Inc.",
117,Becoming,Michelle Obama,Identity and personal growth,Biography,Memoir,"In her memoir, former First Lady Michelle Obama chronicles the experiences that have shaped her, from her childhood in the South Side of Chicago to her years as an executive balancing the demands of motherhood and work, to her time spent at the world's most famous address.",
118,The Name of the Wind,Patrick Rothfuss,The power of storytelling and the pursuit of knowledge,Fantasy,Epic Fantasy,"The first book in 'The Kingkiller Chronicle' series, it follows the story of Kvothe, a legendary figure known for his extraordinary abilities and adventures. The narrative unfolds as Kvothe recounts his life story, from his childhood in a traveling troupe to his time at a magical university.",
119,Mistborn: The Final Empire,Brandon Sanderson,Revolution and the struggle against tyranny,Fantasy,High Fantasy,"Set in a world where ash falls from the sky and mist dominates the night, this novel follows a group of rebels led by a young street urchin named Vin. They aim to overthrow the oppressive Lord Ruler, who has reigned for a thousand years, using a unique magic system based on metals.",
120,A Darker Shade of Magic,V.E. Schwab,The balance of power and the nature of identity,Fantasy,Urban Fantasy,"In a universe where parallel Londons exist, each with varying degrees of magical influence, Kell is one of the last Travelers who can move between them. The story follows his adventures as he smuggles items between worlds and encounters a pickpocket named Lila, leading to a dangerous journey.",
121,The Girl with the Dragon Tattoo,Stieg Larsson,Secrets and Revenge,Mystery,Crime Thriller,"Journalist Mikael Blomkvist teams up with the enigmatic hacker Lisbeth Salander to solve the decades-old disappearance of a wealthy industrialist's niece, uncovering dark family secrets and corruption along the way.",
122,Gone Girl,Gillian Flynn,Deception and Marriage,Mystery,Psychological Thriller,"On their fifth wedding anniversary, Nick Dunne's wife, Amy, goes missing. As the media frenzy grows, Nick's portrayal as the perfect husband begins to crumble, revealing a web of lies and deceit that questions the nature of their marriage.",
123,The Da Vinci Code,Dan Brown,Religious Conspiracy,Mystery,Thriller,"Symbologist Robert Langdon is called to the Louvre Museum, where a murder has occurred. Alongside cryptologist Sophie Neveu, he uncovers a series of puzzles and codes that lead to a secret that could shake the foundations of Christianity.",
124,The Shining,Stephen King,Isolation and Madness,Horror,Psychological Horror,"The Shining follows Jack Torrance, an aspiring writer and recovering alcoholic, who takes a job as the winter caretaker of the Overlook Hotel. Isolated in the snowbound hotel with his family, Jack's sanity begins to unravel as supernatural forces influence him, leading to terrifying consequences.",
125,Bird Box,Josh Malerman,Survival and Fear of the Unknown,Horror,Post-apocalyptic Horror,"In a world where an unseen entity drives people to deadly violence upon sight, Malorie must navigate a treacherous journey with her two children, all while blindfolded. The novel explores themes of survival, motherhood, and the terror of the unseen.",
126,House of Leaves,Mark Z. Danielewski,Reality and Perception,Horror,Experimental Horror,"House of Leaves is a complex narrative that intertwines the story of a family discovering their house is larger on the inside than it is on the outside, with a young man's descent into madness as he investigates the mysterious manuscript detailing their experiences. The novel challenges perceptions of reality and the nature of fear.",
127,The Republic,Plato,Justice and the ideal state,Philosophy,Classical Philosophy,"Plato's 'The Republic' is a Socratic dialogue that explores the meaning of justice and examines how a just society should be organized. Through the character of Socrates, Plato discusses the philosopher-king concept and the theory of forms, presenting a vision of an ideal state governed by reason and wisdom.",
128,Being and Time,Martin Heidegger,Existence and temporality,Philosophy,Existential Philosophy,"In 'Being and Time,' Martin Heidegger delves into the nature of being, emphasizing the importance of time as a fundamental aspect of human existence. The book introduces the concept of 'Dasein' and explores how individuals relate to the world, their own mortality, and the meaning of life.",
129,Critique of Pure Reason,Immanuel Kant,Limits of human understanding,Philosophy,Epistemology,"Immanuel Kant's 'Critique of Pure Reason' investigates the relationship between human experience and knowledge. Kant argues that while our understanding is shaped by sensory experience, there are inherent structures in the mind that influence how we perceive the world. This work is foundational in the field of epistemology, exploring the boundaries of human cognition.",
130,The Hobbit,J.R.R. Tolkien,Courage and personal growth,Adventure,Fantasy,"The Hobbit follows the journey of Bilbo Baggins, a hobbit who is swept into an epic quest to reclaim the lost Dwarf Kingdom of Erebor from the fearsome dragon Smaug. Along the way, Bilbo discovers his own bravery and resourcefulness.",
131,Treasure Island,Robert Louis Stevenson,The quest for treasure and moral ambiguity,Adventure,Classic,"Treasure Island is a classic tale of piracy and adventure, following young Jim Hawkins as he embarks on a perilous journey to find buried treasure. The novel explores themes of greed, betrayal, and the blurred lines between good and evil.",
132,Into the Wild,Jon Krakauer,The search for meaning and self-discovery,Adventure,Non-fiction,"Into the Wild tells the true story of Christopher McCandless, a young man who abandons his possessions and sets out on a journey into the Alaskan wilderness. The book examines his motivations and the impact of his quest for freedom and authenticity.",
133,Pride and Prejudice,Jane Austen,Love and Social Class,Romance,Classic,"Set in the early 19th century, this novel follows Elizabeth Bennet as she navigates issues of manners, upbringing, morality, and marriage in the society of the landed gentry of the British Regency. The story highlights the romantic tension between Elizabeth and the wealthy, aloof Mr. Darcy.",
134,Jane Eyre,Charlotte Brontë,Love and Independence,Romance,Classic,"This novel tells the story of Jane Eyre, an orphaned girl who becomes a governess and falls in love with her employer, Mr. Rochester. The book explores themes of morality, religion, and feminism, as Jane seeks to find her own identity and independence while navigating her feelings for Mr. Rochester.",
135,Wuthering Heights,Emily Brontë,Passion and Revenge,Romance,Classic,"A tale of intense and tragic love, this novel is set on the Yorkshire moors and follows the tumultuous relationship between Catherine Earnshaw and Heathcliff, an orphan taken in by Catherine's father. The story delves into themes of obsession, revenge, and the destructive power of love.",
136,Becoming,Michelle Obama,Personal Growth and Empowerment,Memoir,Biography,"In 'Becoming', Michelle Obama chronicles her life from her childhood in the South Side of Chicago to her years as an executive and her time as the First Lady of the United States. The book explores themes of identity, resilience, and the power of community.",
137,Steve Jobs,Walter Isaacson,Innovation and Leadership,Biography,Biography,"Walter Isaacson's 'Steve Jobs' is an authorized biography that delves into the life of the co-founder of Apple Inc. The book provides an in-depth look at Jobs' creative genius, his drive for perfection, and his impact on the technology industry.",
138,Educated,Tara Westover,Education and Self-Discovery,Memoir,Biography,'Educated' is a memoir by Tara Westover that recounts her journey from growing up in a strict and isolated household in rural Idaho to earning a PhD from Cambridge University. The book highlights the transformative power of education and the struggle for self-identity.,
139,The Hobbit,J.R.R. Tolkien,The journey and personal growth,Fantasy,Adventure Fiction,"The Hobbit follows the journey of Bilbo Baggins, a hobbit who is swept into an epic quest to reclaim the lost Dwarf Kingdom of Erebor from the fearsome dragon Smaug. Along the way, Bilbo encounters trolls, goblins, and other mythical creatures, discovering courage and resourcefulness he never knew he had.",
140,Treasure Island,Robert Louis Stevenson,The quest for treasure and moral ambiguity,Adventure,Adventure Fiction,"Treasure Island is a classic tale of piracy and adventure, centered around young Jim Hawkins who discovers a treasure map and embarks on a voyage to find the hidden riches. The story explores themes of loyalty, betrayal, and the allure of adventure, with the iconic character Long John Silver adding complexity to the narrative.",
141,Into the Wild,Jon Krakauer,The search for meaning and self-discovery,Non-fiction,Adventure Fiction,"Into the Wild recounts the true story of Christopher McCandless, a young man who abandoned his possessions and savings to travel across North America and into the Alaskan wilderness. The book explores his motivations, the people he met along the way, and the ultimate consequences of his quest for freedom and self-discovery.",
142,A Brief History of Time,Stephen Hawking,Cosmology and the nature of the universe,Non-fiction,Science,"This book explores fundamental questions about the universe, such as the nature of time, black holes, and the Big Bang. Hawking presents complex scientific concepts in an accessible manner, aiming to explain the universe's origins and structure to a general audience.",
143,The Selfish Gene,Richard Dawkins,Evolutionary biology and gene-centered view of evolution,Non-fiction,Science,"Dawkins introduces the concept of the 'selfish gene' as a way of understanding evolution. The book argues that genes are the primary unit of selection in evolution, and it explores how this perspective can explain complex behaviors in animals, including humans.",
144,The Immortal Life of Henrietta Lacks,Rebecca Skloot,Ethics in medical research and the story of HeLa cells,Non-fiction,Science/Biography,"This book tells the story of Henrietta Lacks, whose cancer cells were taken without her knowledge in 1951 and became one of the most important tools in medicine. It explores the ethical issues surrounding medical research and the impact of HeLa cells on scientific progress.",
145,The Sun and Her Flowers,Rupi Kaur,Growth and Healing,Contemporary Poetry,Poetry,"This collection of poetry explores themes of love, loss, trauma, healing, and femininity. It is divided into five chapters, each serving as a stage in the journey of wilting, falling, rooting, rising, and blooming.",
146,The Essential Rumi,Jalaluddin Rumi (translated by Coleman Barks),Spirituality and Love,Sufi Poetry,Poetry,"A collection of poems by the 13th-century Persian poet Rumi, translated by Coleman Barks. The poems delve into themes of spiritual enlightenment, love, and the human connection to the divine, offering timeless wisdom and insight.",
147,Milk and Honey,Rupi Kaur,Survival and Feminism,Contemporary Poetry,Poetry,"This debut collection of poetry and prose by Rupi Kaur is divided into four chapters, each dealing with a different theme: the hurting, the loving, the breaking, and the healing. It addresses the experience of violence, abuse, love, loss, and femininity.",
148,A Streetcar Named Desire,Tennessee Williams,The decline of the Southern belle and the clash between reality and illusion.,Drama,Play,"Set in the French Quarter of New Orleans, this play follows the story of Blanche DuBois, a fragile and neurotic woman on a desperate prowl for a place in the world. Her arrival disrupts the life of her sister Stella and her brutish brother-in-law Stanley, leading to a tragic confrontation.",
149,Death of a Salesman,Arthur Miller,The American Dream and the cost of blind ambition.,Drama,Play,"This classic play tells the story of Willy Loman, an aging salesman who struggles to cope with the reality of his life and the failure of his dreams. As he grapples with his own delusions and the expectations of his family, the play explores themes of identity, reality, and the pursuit of success.",
150,The Glass Menagerie,Tennessee Williams,"Memory, escape, and the fragility of dreams.",Drama,Play,"A semi-autobiographical play that delves into the life of the Wingfield family. Tom, the narrator, recounts his memories of his mother Amanda and his sister Laura, who is crippled by shyness and a physical disability. The play explores the tension between reality and illusion as each character seeks escape from their circumstances.",
151,"The Road to Unfreedom: Russia, Europe, America",Timothy Snyder,The rise of authoritarianism and the decline of democracy,Non-fiction,Politics,"Timothy Snyder explores the political landscape of the 21st century, focusing on the rise of authoritarian regimes and the erosion of democratic values. He examines the influence of Russian politics on Europe and America, providing a historical context to current events.",
152,How Democracies Die,Steven Levitsky and Daniel Ziblatt,The vulnerabilities of democratic systems,Non-fiction,Politics,"This book analyzes the factors that lead to the decline of democracies, drawing on historical examples from around the world. Levitsky and Ziblatt discuss how political norms are eroded and the role of leaders in undermining democratic institutions.",
153,The Fifth Risk,Michael Lewis,The importance of government and the risks of neglect,Non-fiction,Politics,"Michael Lewis delves into the inner workings of the U.S. government, highlighting the crucial roles played by various departments. He discusses the potential dangers of mismanagement and the consequences of ignoring the expertise of civil servants.",
154,Into the Wild,Jon Krakauer,Adventure and Self-Discovery,Non-Fiction,Travel,"This book tells the true story of Christopher McCandless, a young man who abandoned his possessions and savings to travel across America and eventually into the Alaskan wilderness. It explores themes of adventure, the allure of the wild, and the search for meaning.",
155,"Eat, Pray, Love",Elizabeth Gilbert,Personal Transformation and Exploration,Memoir,Travel,"Elizabeth Gilbert's memoir chronicles her journey across Italy, India, and Indonesia after a difficult divorce. The book explores her quest for pleasure, spirituality, and balance, offering insights into the transformative power of travel and self-discovery.",
156,The Geography of Bliss,Eric Weiner,Happiness and Cultural Exploration,Non-Fiction,Travel,"In this humorous travelogue, Eric Weiner embarks on a journey to find the world's happiest places. From Iceland to Bhutan, he examines how different cultures define and pursue happiness, blending travel narrative with psychology and sociology.",
157,A Game of Thrones,George R.R. Martin,Power and Betrayal,Fantasy,Epic Fantasy,"The first book in the 'A Song of Ice and Fire' series, it introduces the complex political and social landscape of the Seven Kingdoms of Westeros, where noble families vie for control of the Iron Throne amidst betrayal and war.",
158,The Fellowship of the Ring,J.R.R. Tolkien,Friendship and Courage,Fantasy,High Fantasy,"The first volume of 'The Lord of the Rings' trilogy, it follows the journey of Frodo Baggins and his companions as they set out to destroy the One Ring, a powerful artifact that threatens the world of Middle-earth.",
159,The Name of the Wind,Patrick Rothfuss,The Hero's Journey,Fantasy,Epic Fantasy,"The first book in 'The Kingkiller Chronicle' series, it tells the story of Kvothe, a legendary figure in his world, recounting his early life, his time at a magical university, and the events that shaped his destiny.",
160,The Cuckoo's Calling,Robert Galbraith,Identity and Deception,Mystery,Crime Fiction,"The first book in the Cormoran Strike series, it follows private investigator Cormoran Strike as he delves into the mysterious death of a supermodel. The novel explores themes of identity, fame, and the hidden truths behind public facades.",
161,Still Life,Louise Penny,Community and Secrets,Mystery,Cozy Mystery,"The debut novel in the Chief Inspector Armand Gamache series, set in the quaint village of Three Pines. Gamache investigates the murder of a beloved local artist, uncovering the hidden secrets and tensions within the tight-knit community.",
162,The No. 1 Ladies' Detective Agency,Alexander McCall Smith,Tradition and Modernity,Mystery,Detective Fiction,"The first book in the series featuring Precious Ramotswe, Botswana's first female detective. The novel combines gentle humor and keen observations of human nature as Mma Ramotswe solves various cases, reflecting on the balance between tradition and modern life.",
163,Dune,Frank Herbert,Power and Survival,Science Fiction,Novel,"Set in a distant future amidst a huge interstellar empire, 'Dune' follows the story of young Paul Atreides as he navigates political intrigue, ecological challenges, and his own destiny on the desert planet of Arrakis, the only source of the universe's most valuable substance, 'spice'.",
164,The Left Hand of Darkness,Ursula K. Le Guin,Gender and Society,Science Fiction,Novel,"Part of the Hainish Cycle, this novel explores themes of gender and politics through the story of Genly Ai, an envoy from Earth, who visits the planet Gethen, where inhabitants can choose and change their gender. The book delves into the complexities of human relationships and societal norms.",
165,Neuromancer,William Gibson,Cybernetics and Identity,Science Fiction,Novel,"The first book in the Sprawl trilogy, 'Neuromancer' is a seminal work in the cyberpunk genre. It follows Case, a washed-up computer hacker hired for one last job: to pull off the ultimate hack. The novel explores themes of artificial intelligence, virtual reality, and the nature of consciousness.",
166,The Lightning Thief,Rick Riordan,Mythology and Identity,Adventure,Young Adult,"The first book in the 'Percy Jackson & The Olympians' series, it follows Percy Jackson, a twelve-year-old boy who discovers he is a demigod, the son of Poseidon. He embarks on a quest to prevent a war among the gods and find his place in the world.",
167,The Hunger Games,Suzanne Collins,Survival and Rebellion,Adventure,Young Adult,"The first book in 'The Hunger Games' trilogy, it introduces Katniss Everdeen, a teenager living in a dystopian future where she must participate in a televised fight to the death. The story explores themes of survival, government control, and personal sacrifice.",
168,The Eye of the World,Robert Jordan,Good vs. Evil,Adventure,Fantasy,"The first book in 'The Wheel of Time' series, it follows Rand al'Thor and his friends as they are swept into a battle against the Dark One. The epic tale is set in a richly detailed world where magic and prophecy play crucial roles in the struggle between light and darkness.",
169,The Road,Cormac McCarthy,Survival and the bond between father and son,Post-apocalyptic fiction,Fiction,"The novel follows a father and his young son as they navigate a bleak, post-apocalyptic world. They struggle to survive while maintaining their humanity in the face of overwhelming desolation and danger.",
170,The Underground Railroad,Colson Whitehead,Slavery and the quest for freedom,Historical fiction,Fiction,"This novel reimagines the historical Underground Railroad as an actual railway system beneath the ground. It follows Cora, a young enslaved woman, as she makes a desperate bid for freedom, encountering various challenges and moral dilemmas along the way.",
171,The Goldfinch,Donna Tartt,"Loss, identity, and the power of art",Literary fiction,Fiction,"The story centers on Theo Decker, who survives a terrorist attack at an art museum that kills his mother. In the chaos, he steals a painting, 'The Goldfinch,' which becomes a symbol of hope and obsession as he navigates his tumultuous life.",
172,The Old Man and the Sea,Ernest Hemingway,Perseverance and the human spirit,Fiction,Novel,"This novella tells the story of an aging Cuban fisherman named Santiago who struggles with a giant marlin far out in the Gulf Stream. It explores themes of courage, personal triumph, and the relentless struggle against defeat.",
173,One Hundred Years of Solitude,Gabriel García Márquez,The cyclical nature of history and fate,Magical Realism,Novel,"This landmark novel chronicles several generations of the Buendía family in the fictional town of Macondo. It blends magical realism with historical and social commentary, exploring themes of solitude, love, and the passage of time.",
174,The Tin Drum,Günter Grass,The impact of war and the complexities of human nature,Historical Fiction,Novel,"The novel follows Oskar Matzerath, a boy who decides to stop growing at the age of three and communicates through his tin drum. Set in the context of World War II and its aftermath, it delves into themes of guilt, memory, and the absurdity of human existence.",
175,The Testaments,Margaret Atwood,Power and Resistance,Dystopian Fiction,Adult Fiction,"Set 15 years after the events of 'The Handmaid's Tale,' this novel explores the lives of three women in the oppressive regime of Gilead. It delves into themes of power, resistance, and the fight for freedom in a totalitarian society.",
176,Shuggie Bain,Douglas Stuart,Poverty and Addiction,Historical Fiction,Adult Fiction,"This novel follows the life of a young boy, Shuggie Bain, growing up in 1980s Glasgow. It paints a vivid picture of poverty and addiction, focusing on Shuggie's relationship with his alcoholic mother and his struggle to find his identity in a harsh environment.",
177,The God of Small Things,Arundhati Roy,Family and Social Injustice,Literary Fiction,Adult Fiction,"Set in Kerala, India, this novel tells the story of fraternal twins Rahel and Estha and their family. It explores themes of love, loss, and social injustice, highlighting the impact of caste and societal norms on personal lives and relationships.",
178,The Underground Railroad,Colson Whitehead,Freedom and Slavery,Historical Fiction,Fiction,"This novel reimagines the historical Underground Railroad as an actual railway system beneath the ground, following the journey of Cora, a young enslaved woman, as she seeks freedom from a brutal existence in the antebellum South. The book explores themes of escape, survival, and the enduring impact of slavery.",
179,The Friend,Sigrid Nunez,Grief and Healing,Literary Fiction,Fiction,"In this poignant novel, a woman grapples with the sudden loss of her best friend and mentor. As she inherits his Great Dane, she finds herself confronting her own grief and isolation. The story delves into the complexities of friendship, loss, and the healing power of companionship.",
180,Stamped from the Beginning: The Definitive History of Racist Ideas in America,Ibram X. Kendi,Racism and History,Non-Fiction,Non-Fiction,"This comprehensive work traces the development of racist ideas in America, examining how they have been used to justify discrimination and inequality. Kendi provides a detailed analysis of the historical figures and events that have shaped racial attitudes, offering insights into the ongoing struggle for racial justice.",
